<!--  
这个为菜单列表，注意编辑的格式!例如：
<phone id="手机概览,overview">手机外观</phone>
1、手机概览：一级标题名称
2、overview：这个为assets下的各个模块文件夹的名称，记住这个值一定要与文件夹的名称对应，不然链接会出错
3、手机外观：二级标题名称
4、手机概览与overview之间的逗号为英文状态下的，请注意
5、各个模块文件夹的html文件一定要按照顺序来命名，即XXX_1到XXX_n来命名，中间不能有断续
-->
<phones>
<phone id="Overview and Quick start guide,overview">Introduction to phone exterior</phone>
<phone id="Overview and Quick start guide,overview">Installation and Preparation</phone>
<phone id="Overview and Quick start guide,overview">Basic operation gestures</phone>
<phone id="Overview and Quick start guide,overview">Screen lock and unlock</phone>
<phone id="Overview and Quick start guide,overview">Status bar icons and notifications</phone>
<phone id="Overview and Quick start guide,overview">Slide-up Control Center introduction</phone>
<phone id="Overview and Quick start guide,overview">Clipboard</phone>

<phone id="Launcher and i Theme,desktop">Home screen editing</phone>
<phone id="Launcher and i Theme,desktop">Scene theme</phone>
<phone id="Launcher and i Theme,desktop">i Theme</phone>

<phone id="Settings,settings">Airplane mode</phone>
<phone id="Settings,settings">Wi-Fi</phone>
<phone id="Settings,settings">Personal Hotspot</phone>
<phone id="Settings,settings">Mobile network</phone>
<phone id="Settings,settings">Sound and vibration</phone>
<phone id="Settings,settings">Display and Brightness</phone>
<phone id="Settings,settings">Status bar and notification</phone>
<phone id="Settings,settings">Do not disturb</phone>
<phone id="Settings,settings">Jovi</phone>
<phone id="Settings,settings">Lock screen, home screen, and wallpaper</phone>
<phone id="Settings,settings">System update</phone>
<phone id="Settings,settings">Fingerprint, face and password</phone>
<phone id="Settings,settings">Battery</phone>
<phone id="Settings,settings">Security</phone>
<phone id="Settings,settings">Accounts &amp; Sync</phone>
<phone id="Settings,settings">Location</phone>
<phone id="Settings,settings">Language &amp; Input</phone>
<phone id="Settings,settings">RAM and storage space</phone>
<phone id="Settings,settings">About phone</phone>
<phone id="Settings,settings">Global search</phone>
<phone id="Settings,settings">Bluetooth</phone>
<phone id="Settings,settings">Smart Mirroring</phone>
<phone id="Settings,settings">VPN</phone>
<phone id="Settings,settings">OTG</phone>
<phone id="Settings,settings">Recent apps</phone>
<phone id="Settings,settings">Control Center</phone>
<phone id="Settings,settings">System navigation</phone>
<phone id="Settings,settings">Easy Touch</phone>
<phone id="Settings,settings">Date and time</phone>
<phone id="Settings,settings">Task timer</phone>
<phone id="Settings,settings">Applications</phone>
<phone id="Settings,settings">Backup &amp; Reset</phone>
<phone id="Settings,settings">After-sales service</phone>
<phone id="Settings,settings">E-warranty card</phone>
<phone id="Settings,settings">Download management</phone>
<phone id="Settings,settings">Smart motion</phone>
<phone id="Settings,settings">Smart Split</phone>
<phone id="Settings,settings">One-handed</phone>
<phone id="Settings,settings">App Clone</phone>
<phone id="Settings,settings">Smart click</phone>
<phone id="Settings,settings">Developer options</phone>

<phone id="Phone and Contacts,contact">Calling</phone>
<phone id="Phone and Contacts,contact">Call Settings</phone>
<phone id="Phone and Contacts,contact">Contacts</phone>
<phone id="Phone and Contacts,contact">More operations</phone>
<phone id="Phone and Contacts,contact">Contact settings</phone>

<phone id="Messages and Email,message">Messages</phone>
<phone id="Messages and Email,message">Email</phone>

<phone id="Tools,tools">Calculator</phone>
<phone id="Tools,tools">Notes</phone>
<phone id="Tools,tools">Recorder</phone>
<phone id="Tools,tools">FM Radio</phone>
<phone id="Tools,tools">Compass</phone>

<phone id="Multimedia,multimedia">i Music</phone>
<phone id="Multimedia,multimedia">Music Settings</phone>
<phone id="Multimedia,multimedia">Videos</phone>
<phone id="Multimedia,multimedia">Camera</phone>
<phone id="Multimedia,multimedia">Albums</phone>
<phone id="Multimedia,multimedia">File Manager</phone>

<phone id="Network application,network">Browser</phone>
<phone id="Network application,network">vivoCloud</phone>

<phone id="More applications,more">i Manager</phone>
<phone id="More applications,more">Clock</phone>
<phone id="More applications,more">Calendar</phone>
<phone id="More applications,more">How to take a screenshot</phone>
<phone id="More applications,more">Instructions on USB connecting</phone>
<phone id="More applications,more">Weather</phone>

<phone id="Maintenance and servicing,maintain">About maintenance</phone>
<phone id="Maintenance and servicing,maintain">Phone and accessories</phone>
<phone id="Maintenance and servicing,maintain">Help</phone>
<phone id="Maintenance and servicing,maintain">Supported file formats</phone>

<!--
我是跳转配置分割线，以前的内容往上面添加，下面写跳转目录配置。
格式：<skip id="visitmode">设置,访客模式</skip>
visitmode：跳转名称，与说明书开发约定一致即可
设置,访客模式：访客模式的说明书路径
-->
<skip id="visitmode">Settings,Visitor mode</skip>
<skip id="wlandisplay">Settings,Wi-Fi Display</skip>
<skip id="mediashare">Settings,DLNA</skip>
<skip id="usbhelp">More applications,Instructions on USB connecting</skip>
<skip id="usbdebug">Settings,Developer options</skip>
<skip id="appclone">Settings,App Clone</skip>
</phones>
